-- MySQL dump 10.13  Distrib 5.7.9, for Win32 (AMD64)
--
-- Host: 127.0.0.1    Database: sircoe
-- ------------------------------------------------------
-- Server version	5.6.21

/*!40101 SET @OLD_CHARACTER_SET_CLIENT=@@CHARACTER_SET_CLIENT */;
/*!40101 SET @OLD_CHARACTER_SET_RESULTS=@@CHARACTER_SET_RESULTS */;
/*!40101 SET @OLD_COLLATION_CONNECTION=@@COLLATION_CONNECTION */;
/*!40101 SET NAMES utf8 */;
/*!40103 SET @OLD_TIME_ZONE=@@TIME_ZONE */;
/*!40103 SET TIME_ZONE='+00:00' */;
/*!40014 SET @OLD_UNIQUE_CHECKS=@@UNIQUE_CHECKS, UNIQUE_CHECKS=0 */;
/*!40014 SET @OLD_FOREIGN_KEY_CHECKS=@@FOREIGN_KEY_CHECKS, FOREIGN_KEY_CHECKS=0 */;
/*!40101 SET @OLD_SQL_MODE=@@SQL_MODE, SQL_MODE='NO_AUTO_VALUE_ON_ZERO' */;
/*!40111 SET @OLD_SQL_NOTES=@@SQL_NOTES, SQL_NOTES=0 */;

--
-- Table structure for table `dependencias`
--

DROP TABLE IF EXISTS `dependencias`;
/*!40101 SET @saved_cs_client     = @@character_set_client */;
/*!40101 SET character_set_client = utf8 */;
CREATE TABLE `dependencias` (
  `id_depen` int(11) NOT NULL AUTO_INCREMENT,
  `nombre` varchar(45) NOT NULL,
  PRIMARY KEY (`id_depen`)
) ENGINE=InnoDB AUTO_INCREMENT=3 DEFAULT CHARSET=utf8;
/*!40101 SET character_set_client = @saved_cs_client */;

--
-- Dumping data for table `dependencias`
--

LOCK TABLES `dependencias` WRITE;
/*!40000 ALTER TABLE `dependencias` DISABLE KEYS */;
INSERT INTO `dependencias` VALUES (1,'Servicios G'),(2,'Cordinadores L');
/*!40000 ALTER TABLE `dependencias` ENABLE KEYS */;
UNLOCK TABLES;

--
-- Table structure for table `empleados`
--

DROP TABLE IF EXISTS `empleados`;
/*!40101 SET @saved_cs_client     = @@character_set_client */;
/*!40101 SET character_set_client = utf8 */;
CREATE TABLE `empleados` (
  `cedula` int(20) NOT NULL,
  `nombres` varchar(200) NOT NULL,
  `apellidos` varchar(200) NOT NULL,
  `codigo` varchar(20) DEFAULT NULL,
  `estado` enum('ad','af') NOT NULL,
  `dependencias_id_depen` int(11) NOT NULL,
  PRIMARY KEY (`cedula`),
  UNIQUE KEY `cedula_UNIQUE` (`cedula`),
  UNIQUE KEY `codigo_UNIQUE` (`codigo`),
  KEY `fk_empleados_dependencias_idx` (`dependencias_id_depen`),
  CONSTRAINT `fk_empleados_dependencias` FOREIGN KEY (`dependencias_id_depen`) REFERENCES `dependencias` (`id_depen`) ON DELETE NO ACTION ON UPDATE NO ACTION
) ENGINE=InnoDB DEFAULT CHARSET=utf8;
/*!40101 SET character_set_client = @saved_cs_client */;

--
-- Dumping data for table `empleados`
--

LOCK TABLES `empleados` WRITE;
/*!40000 ALTER TABLE `empleados` DISABLE KEYS */;
INSERT INTO `empleados` VALUES (12969788,'Edgar ','Santacruz Burbano','245139141133','af',1),(12989880,'Harold Gonzalo ','Santacruz Ortega','3623142133','af',2),(12993081,'Rafael Martin','Moncayo Salazar','108197141133','af',2),(13071237,'Hugo Nelson','Espinosa Burbano','93182141133','af',2),(59831596,'Marizol ','Savedra Rodriges','81132141133','af',1),(87070865,'Victor Alfonzo','Jurado Fuelmayor','219139270','af',1),(98309820,'Raul Lolo','Aucu Medina','133113224100','af',1),(1085273962,'Jesus Alexander ','Benavides Alvarez','199246141133','af',1),(1085279394,'Wilson Enrrique','Delgado Achicanoy','10865141133','af',1),(1085302857,'Maria Alejandra','Narvaez Cuero','8363141133','af',1);
/*!40000 ALTER TABLE `empleados` ENABLE KEYS */;
UNLOCK TABLES;

--
-- Table structure for table `horario`
--

DROP TABLE IF EXISTS `horario`;
/*!40101 SET @saved_cs_client     = @@character_set_client */;
/*!40101 SET character_set_client = utf8 */;
CREATE TABLE `horario` (
  `idhorario` int(11) NOT NULL AUTO_INCREMENT,
  `manientra` time DEFAULT NULL,
  `manisale` time DEFAULT NULL,
  `tardeentra` time DEFAULT NULL,
  `tardesale` time DEFAULT NULL,
  `empleados_cedula` int(20) NOT NULL,
  PRIMARY KEY (`idhorario`),
  KEY `fk_horario_empleados1_idx` (`empleados_cedula`),
  CONSTRAINT `fk_horario_empleados1` FOREIGN KEY (`empleados_cedula`) REFERENCES `empleados` (`cedula`) ON DELETE NO ACTION ON UPDATE NO ACTION
) ENGINE=InnoDB AUTO_INCREMENT=11 DEFAULT CHARSET=utf8;
/*!40101 SET character_set_client = @saved_cs_client */;

--
-- Dumping data for table `horario`
--

LOCK TABLES `horario` WRITE;
/*!40000 ALTER TABLE `horario` DISABLE KEYS */;
INSERT INTO `horario` VALUES (1,'08:00:00','12:00:00','14:00:00','18:00:00',12969788),(2,'08:00:00','12:00:00','14:00:00','18:00:00',12989880),(3,'07:00:00',NULL,NULL,'16:00:00',12993081),(4,'07:00:00',NULL,NULL,'16:00:00',13071237),(5,'07:00:00','12:00:00','14:00:00','17:00:00',59831596),(6,'08:00:00','12:00:00','14:00:00','18:00:00',87070865),(7,'07:00:00','11:00:00','13:00:00','17:00:00',98309820),(8,'07:00:00','11:00:00','13:00:00','17:00:00',1085273962),(9,'07:00:00','12:00:00','14:00:00','17:00:00',1085279394),(10,'08:00:00','12:00:00','14:00:00','18:00:00',1085302857);
/*!40000 ALTER TABLE `horario` ENABLE KEYS */;
UNLOCK TABLES;

--
-- Table structure for table `login_attempts`
--

DROP TABLE IF EXISTS `login_attempts`;
/*!40101 SET @saved_cs_client     = @@character_set_client */;
/*!40101 SET character_set_client = utf8 */;
CREATE TABLE `login_attempts` (
  `user_id` int(11) NOT NULL,
  `time` varchar(30) NOT NULL
) ENGINE=InnoDB DEFAULT CHARSET=utf8;
/*!40101 SET character_set_client = @saved_cs_client */;

--
-- Dumping data for table `login_attempts`
--

LOCK TABLES `login_attempts` WRITE;
/*!40000 ALTER TABLE `login_attempts` DISABLE KEYS */;
/*!40000 ALTER TABLE `login_attempts` ENABLE KEYS */;
UNLOCK TABLES;

--
-- Table structure for table `maniana`
--

DROP TABLE IF EXISTS `maniana`;
/*!40101 SET @saved_cs_client     = @@character_set_client */;
/*!40101 SET character_set_client = utf8 */;
CREATE TABLE `maniana` (
  `idmaniana` int(11) NOT NULL,
  `fecha` date NOT NULL,
  `entrada` time NOT NULL,
  `salida` time DEFAULT NULL,
  `empleados_cedula` int(11) NOT NULL,
  PRIMARY KEY (`idmaniana`),
  KEY `fk_entradas_empleados1_idx` (`empleados_cedula`),
  CONSTRAINT `fk_entradas_empleados11` FOREIGN KEY (`empleados_cedula`) REFERENCES `empleados` (`cedula`) ON DELETE NO ACTION ON UPDATE NO ACTION
) ENGINE=InnoDB DEFAULT CHARSET=utf8;
/*!40101 SET character_set_client = @saved_cs_client */;

--
-- Dumping data for table `maniana`
--

LOCK TABLES `maniana` WRITE;
/*!40000 ALTER TABLE `maniana` DISABLE KEYS */;
INSERT INTO `maniana` VALUES (1,'2016-08-22','08:07:47','12:10:21',12969788),(2,'2016-08-22','08:00:58','12:13:05',12989880),(3,'2016-08-22','07:03:20',NULL,12993081),(4,'2016-08-22','07:08:32',NULL,13071237),(5,'2016-08-22','07:05:23','11:56:32',59831596),(6,'2016-08-22','08:00:46','11:58:21',87070865),(7,'2016-08-22','07:04:38','11:00:34',98309820),(8,'2016-08-22','07:02:49','10:57:28',1085273962),(9,'2016-08-22','07:03:10','12:01:24',1085279394),(10,'2016-08-22','07:52:40','12:05:56',1085302857),(11,'2016-08-19','08:04:19','12:00:34',12969788),(12,'2016-08-19','08:04:32','12:01:23',12989880),(13,'2016-08-19','07:06:28',NULL,12993081),(14,'2016-08-19','07:01:30',NULL,13071237),(15,'2016-08-19','07:02:14','12:03:58',59831596),(16,'2016-08-19','08:04:17','12:00:12',87070865),(17,'2016-08-19','07:00:36','11:00:17',98309820),(18,'2016-08-19','07:02:37','11:00:20',1085273962),(19,'2016-08-19','07:01:40','12:02:03',1085279394),(20,'2016-08-19','08:01:43','12:01:36',1085302857),(21,'2016-08-18','08:02:56','12:01:19',12969788),(22,'2016-08-18','07:02:00','11:54:48',12989880),(23,'2016-08-18','07:10:31',NULL,12993081),(24,'2016-08-18','07:00:26',NULL,13071237),(25,'2016-08-18','07:05:16','11:50:18',59831596),(26,'2016-08-18','08:01:56','12:00:16',87070865),(27,'2016-08-18','07:02:51','11:03:19',98309820),(28,'2016-08-18','07:02:15','11:02:32',1085273962),(29,'2016-08-18','07:03:51','12:01:23',1085279394),(30,'2016-08-18','08:00:27','12:02:12',1085302857),(31,'2016-08-17','08:13:41','11:55:12',12969788),(32,'2016-08-17','08:00:00','12:00:55',12989880),(33,'2016-08-17','07:05:16',NULL,12993081),(34,'2016-08-17','07:05:30',NULL,13071237),(35,'2016-08-17','07:01:00','12:02:12',59831596),(36,'2016-08-17','08:03:27','11:58:12',87070865),(37,'2016-08-17','07:03:20','11:10:39',98309820),(38,'2016-08-17','07:05:48','11:02:47',1085273962),(39,'2016-08-17','07:02:38','12:03:12',1085279394),(40,'2016-08-17','08:00:00','12:00:17',1085302857),(41,'2016-08-16','08:01:23','11:20:38',12969788),(42,'2016-08-16','08:02:48','12:02:56',12989880),(43,'2016-08-16','07:01:45',NULL,12993081),(44,'2016-08-16','07:00:27',NULL,13071237),(45,'2016-08-16','07:02:38','12:02:23',59831596),(46,'2016-08-16','08:00:46','12:03:51',87070865),(47,'2016-08-16','07:01:57','11:02:31',98309820),(48,'2016-08-16','07:03:32','11:01:56',1085273962),(49,'2016-08-16','07:05:57','12:01:48',1085279394),(50,'2016-08-16','08:10:34','12:05:58',1085302857),(51,'2016-08-12','08:10:46','11:50:30',12969788),(52,'2016-08-12','08:01:27','12:03:12',12989880),(53,'2016-08-12','07:10:16',NULL,12993081),(54,'2016-08-12','07:10:48',NULL,13071237),(55,'2016-08-12','07:01:48','12:03:18',59831596),(56,'2016-08-12','08:02:01','11:50:28',87070865),(57,'2016-08-12','07:01:20','11:02:54',98309820),(58,'2016-08-12','07:10:19','11:10:39',1085273962),(59,'2016-08-12','07:03:27','12:02:16',1085279394),(60,'2016-08-12','08:02:23','12:05:39',1085302857),(61,'2016-08-11','08:03:02','12:01:18',12969788),(62,'2016-08-11','08:00:34','12:00:02',12989880),(63,'2016-08-11','07:02:17',NULL,12993081),(64,'2016-08-11','07:05:27',NULL,13071237),(65,'2016-08-11','07:00:11','12:00:00',59831596),(66,'2016-08-11','08:05:36','12:00:19',87070865),(67,'2016-08-11','07:02:15','11:01:21',98309820),(68,'2016-08-11','07:02:00','11:01:31',1085273962),(69,'2016-08-11','07:00:00','12:02:16',1085279394),(70,'2016-08-11','08:01:46','12:01:38',1085302857),(71,'2016-08-10','08:03:56','12:01:17',12969788),(72,'2016-08-10','08:02:45','11:54:54',12989880),(73,'2016-08-10','07:05:35',NULL,12993081),(74,'2016-08-10','07:00:01',NULL,13071237),(75,'2016-08-10','07:05:32','12:10:16',59831596),(76,'2016-08-10','08:05:34','12:02:51',87070865),(77,'2016-08-10','07:03:32','10:50:29',98309820),(78,'2016-08-10','07:05:56','10:50:11',1085273962),(79,'2016-08-10','07:10:37','11:50:39',1085279394),(80,'2016-08-10','08:00:34','12:02:08',1085302857),(81,'2016-08-09','08:07:47','12:10:30',12969788),(82,'2016-08-09','08:00:58','12:02:20',12989880),(83,'2016-08-09','07:03:20',NULL,12993081),(84,'2016-08-09','07:08:32',NULL,13071237),(85,'2016-08-09','07:05:23','12:03:17',59831596),(86,'2016-08-09','08:00:46','11:50:12',87070865),(87,'2016-08-09','07:04:38','11:01:34',98309820),(88,'2016-08-09','07:02:49','11:00:20',1085273962),(89,'2016-08-09','07:03:10','12:02:34',1085279394),(90,'2016-08-09','07:52:40','11:50:53',1085302857),(91,'2016-08-08','08:00:02','12:01:00',12969788),(92,'2016-08-08','08:03:16','12:05:34',12989880),(93,'2016-08-08','07:10:45',NULL,12993081),(94,'2016-08-08','07:00:45',NULL,13071237),(95,'2016-08-08','07:10:03','12:12:32',59831596),(96,'2016-08-08','08:00:45','12:03:12',87070865),(97,'2016-08-08','07:01:35','11:00:03',98309820),(98,'2016-08-08','07:03:10','11:02:12',1085273962),(99,'2016-08-08','07:10:59','12:00:03',1085279394),(100,'2016-08-08','08:00:41','12:01:00',1085302857),(101,'2106-08-23','08:07:47','12:10:21',12969788),(102,'2106-08-23','08:00:58','12:13:05',12989880),(103,'2106-08-23','07:03:20',NULL,12993081),(104,'2106-08-23','07:08:32',NULL,13071237),(105,'2106-08-23','07:05:23','11:56:32',59831596),(106,'2106-08-23','08:00:46','11:58:21',87070865),(107,'2106-08-23','07:04:38','11:00:34',98309820),(108,'2106-08-23','07:02:49','10:57:28',1085273962),(109,'2106-08-23','07:03:10','12:01:24',1085279394),(110,'2106-08-23','07:52:40','12:05:56',1085302857),(111,'2016-08-24','08:10:46','12:00:34',12969788),(112,'2016-08-24','08:01:27','12:01:23',12989880),(113,'2016-08-24','07:10:16',NULL,12993081),(114,'2016-08-24','07:10:48',NULL,13071237),(115,'2016-08-24','07:01:48','12:03:58',59831596),(116,'2016-08-24','08:02:01','12:00:12',87070865),(117,'2016-08-24','07:01:20','11:00:17',98309820),(118,'2016-08-24','07:10:19','11:00:20',1085273962),(119,'2016-08-24','07:03:27','12:02:03',1085279394),(120,'2016-08-24','08:02:23','12:01:36',1085302857),(121,'2016-08-25','08:04:19','11:50:30',12969788),(122,'2016-08-25','08:04:32','12:03:12',12989880),(123,'2016-08-25','07:06:28',NULL,12993081),(124,'2016-08-25','07:01:30',NULL,13071237),(125,'2016-08-25','07:02:14','12:03:18',59831596),(126,'2016-08-25','08:04:17','11:50:28',87070865),(127,'2016-08-25','07:00:36','11:02:54',98309820),(128,'2016-08-25','07:02:37','11:10:39',1085273962),(129,'2016-08-25','07:01:40','12:02:16',1085279394),(130,'2016-08-25','08:01:43','12:05:39',1085302857),(131,'2016-08-26','08:07:47','11:55:12',12969788),(132,'2016-08-26','08:00:58','12:00:55',12989880),(133,'2016-08-26','07:03:20',NULL,12993081),(134,'2016-08-26','07:08:32',NULL,13071237),(135,'2016-08-26','07:05:23','12:02:12',59831596),(136,'2016-08-26','08:00:46','11:58:12',87070865),(137,'2016-08-26','07:04:38','11:10:39',98309820),(138,'2016-08-26','07:02:49','11:02:47',1085273962),(139,'2016-08-26','07:03:10','12:03:12',1085279394),(140,'2016-08-26','07:52:40','12:00:17',1085302857),(141,'2016-08-29','08:02:56','12:01:18',12969788),(142,'2016-08-29','07:02:00','12:00:02',12989880),(143,'2016-08-29','07:10:31',NULL,12993081),(144,'2016-08-29','07:00:26',NULL,13071237),(145,'2016-08-29','07:05:16','12:00:00',59831596),(146,'2016-08-29','08:01:56','12:00:19',87070865),(147,'2016-08-29','07:02:51','11:01:21',98309820),(148,'2016-08-29','07:02:15','11:01:31',1085273962),(149,'2016-08-29','07:03:51','12:02:16',1085279394),(150,'2016-08-29','08:00:27','12:01:38',1085302857),(151,'2016-08-30','08:07:47','12:10:21',12969788),(152,'2016-08-30','08:00:58','12:13:05',12989880),(153,'2016-08-30','07:03:20',NULL,12993081),(154,'2016-08-30','07:08:32',NULL,13071237),(155,'2016-08-30','07:05:23','11:56:32',59831596),(156,'2016-08-30','08:00:46','11:58:21',87070865),(157,'2016-08-30','07:04:38','11:00:34',98309820),(158,'2016-08-30','07:02:49','10:57:28',1085273962),(159,'2016-08-30','07:03:10','12:01:24',1085279394),(160,'2016-08-30','07:52:40','12:05:56',1085302857),(161,'2016-08-31','08:03:02','11:50:30',12969788),(162,'2016-08-31','08:00:34','12:03:12',12989880),(163,'2016-08-31','07:02:17',NULL,12993081),(164,'2016-08-31','07:05:27',NULL,13071237),(165,'2016-08-31','07:00:11','12:03:18',59831596),(166,'2016-08-31','08:05:36','11:50:28',87070865),(167,'2016-08-31','07:02:15','11:02:54',98309820),(168,'2016-08-31','07:02:00','11:10:39',1085273962),(169,'2016-08-31','07:00:00','12:02:16',1085279394),(170,'2016-08-31','08:01:46','12:05:39',1085302857),(171,'2016-09-01','08:04:19','11:55:12',12969788),(172,'2016-09-01','08:04:32','12:00:55',12989880),(173,'2016-09-01','07:06:28',NULL,12993081),(174,'2016-09-01','07:01:30',NULL,13071237),(175,'2016-09-01','07:02:14','12:02:12',59831596),(176,'2016-09-01','08:04:17','11:58:12',87070865),(177,'2016-09-01','07:00:36','11:10:39',98309820),(178,'2016-09-01','07:02:37','11:02:47',1085273962),(179,'2016-09-01','07:01:40','12:03:12',1085279394),(180,'2016-09-01','08:01:43','12:00:17',1085302857),(181,'2016-09-02','08:02:56','11:20:38',12969788),(182,'2016-09-02','07:02:00','12:02:56',12989880),(183,'2016-09-02','07:10:31',NULL,12993081),(184,'2016-09-02','07:00:26',NULL,13071237),(185,'2016-09-02','07:05:16','12:02:23',59831596),(186,'2016-09-02','08:01:56','12:03:51',87070865),(187,'2016-09-02','07:02:51','11:02:31',98309820),(188,'2016-09-02','07:02:15','11:01:56',1085273962),(189,'2016-09-02','07:03:51','12:01:48',1085279394),(190,'2016-09-02','08:00:27','12:05:58',1085302857),(191,'2016-09-05','08:07:47','12:10:21',12969788),(192,'2016-09-05','08:00:58','12:13:05',12989880),(193,'2016-09-05','07:03:20',NULL,12993081),(194,'2016-09-05','07:08:32',NULL,13071237),(195,'2016-09-05','07:05:23','11:56:32',59831596),(196,'2016-09-05','08:00:46','11:58:21',87070865),(197,'2016-09-05','07:04:38','11:00:34',98309820),(198,'2016-09-05','07:02:49','10:57:28',1085273962),(199,'2016-09-05','07:03:10','12:01:24',1085279394),(200,'2016-09-05','07:52:40','12:05:56',1085302857);
/*!40000 ALTER TABLE `maniana` ENABLE KEYS */;
UNLOCK TABLES;

--
-- Table structure for table `members`
--

DROP TABLE IF EXISTS `members`;
/*!40101 SET @saved_cs_client     = @@character_set_client */;
/*!40101 SET character_set_client = utf8 */;
CREATE TABLE `members` (
  `id` int(11) NOT NULL,
  `username` varchar(30) NOT NULL,
  `email` varchar(50) NOT NULL,
  `rol` enum('admin','consul') NOT NULL,
  `password` char(128) NOT NULL,
  `salt` char(128) NOT NULL,
  PRIMARY KEY (`id`)
) ENGINE=InnoDB DEFAULT CHARSET=utf8;
/*!40101 SET character_set_client = @saved_cs_client */;

--
-- Dumping data for table `members`
--

LOCK TABLES `members` WRITE;
/*!40000 ALTER TABLE `members` DISABLE KEYS */;
INSERT INTO `members` VALUES (1,'test_user','test@example.com','admin','00807432eae173f652f2064bdca1b61b290b52d40e429a7d295d76a71084aa96c0233b82f1feac45529e0726559645acaed6f3ae58a286b9f075916ebf66cacc','f9aab579fc1b41ed0c44fe4ecdbfcdb4cb99b9023abb241a6db833288f4eea3c02f76e0d35204a8695077dcf81932aa59006423976224be0390395bae152d4ef'),(1085277182,'juank','juank@gmail.com','admin','8341a1639089fc56780d7888bdd7f93ad2c610a4958f222ed434908eb58576a156a6efa0236fe805d5f7311c0f8d48b510a89819b6e464ebf8cc22d0bb9b63d8','bd9937e0eaaffc49793acb8262fe03226436087f541e1537adf8b5659782ce53f2ed1472e3f98b71cd97e39a20b4adc82e12d2b0a4eb2e40c388644b86d29bf0'),(1085316452,'luitorres','lui@gmail.com','admin','b5d3c277a8f8a46bc7241766fb8ff3be375334597836c739c2c5121094f83b3733f4a3497f2755e4e64f1486a057d1712fa1dcc94d60c9d1a20add4e34fd526b','36ea77ea742a0f05d5b63fd2131222d42c582c6a08c012d4ec42cb2c57b2a979f54c88535abbf64578febc93824909ccb0ef18e272af49c9ee254c798aa1240b');
/*!40000 ALTER TABLE `members` ENABLE KEYS */;
UNLOCK TABLES;

--
-- Table structure for table `tarde`
--

DROP TABLE IF EXISTS `tarde`;
/*!40101 SET @saved_cs_client     = @@character_set_client */;
/*!40101 SET character_set_client = utf8 */;
CREATE TABLE `tarde` (
  `idtarde` int(11) NOT NULL,
  `fecha` date NOT NULL,
  `entrada` time DEFAULT NULL,
  `salida` time DEFAULT NULL,
  `empleados_cedula` int(20) NOT NULL,
  PRIMARY KEY (`idtarde`),
  KEY `fk_tarde_empleados1_idx` (`empleados_cedula`),
  CONSTRAINT `fk_tarde_empleados1` FOREIGN KEY (`empleados_cedula`) REFERENCES `empleados` (`cedula`) ON DELETE NO ACTION ON UPDATE NO ACTION
) ENGINE=InnoDB DEFAULT CHARSET=utf8;
/*!40101 SET character_set_client = @saved_cs_client */;

--
-- Dumping data for table `tarde`
--

LOCK TABLES `tarde` WRITE;
/*!40000 ALTER TABLE `tarde` DISABLE KEYS */;
INSERT INTO `tarde` VALUES (1,'2016-08-22','14:10:00','17:58:43',12969788),(2,'2016-08-22','14:30:20','18:02:03',12989880),(3,'2016-08-22',NULL,'15:50:43',12993081),(4,'2016-08-22',NULL,'15:30:02',13071237),(5,'2016-08-22','14:02:17','17:02:23',59831596),(6,'2016-08-22','14:10:23','18:01:45',87070865),(7,'2016-08-22','13:01:43','17:05:28',98309820),(8,'2016-08-22','13:02:45','17:02:57',1085273962),(9,'2016-08-22','14:15:34','17:04:44',1085279394),(10,'2016-08-22','14:12:56','18:00:13',1085302857),(11,'2016-08-19','14:34:18','18:15:32',12969788),(12,'2016-08-19','14:02:43','18:05:34',12989880),(13,'2016-08-19',NULL,'15:56:00',12993081),(14,'2016-08-19',NULL,'15:45:20',13071237),(15,'2016-08-19','14:03:12','17:07:16',59831596),(16,'2016-08-19','14:02:32','18:03:08',87070865),(17,'2016-08-19','13:01:34','17:00:00',98309820),(18,'2016-08-19','13:10:43','17:30:56',1085273962),(19,'2016-08-19','14:02:46','16:39:40',1085279394),(20,'2016-08-19','14:05:19','18:18:00',1085302857),(21,'2016-08-18','14:03:19','18:00:00',12969788),(22,'2016-08-18','14:03:17','18:29:03',12989880),(23,'2016-08-18',NULL,'15:28:30',12993081),(24,'2016-08-18',NULL,'15:54:00',13071237),(25,'2016-08-18','14:09:15','17:00:00',59831596),(26,'2016-08-18','14:01:17','18:08:02',87070865),(27,'2016-08-18','13:01:16','17:03:12',98309820),(28,'2016-08-18','13:02:17','17:05:39',1085273962),(29,'2016-08-18','14:02:51','17:02:38',1085279394),(30,'2016-08-18','14:00:56','18:01:23',1085302857),(31,'2016-08-17','14:00:17','18:05:37',12969788),(32,'2016-08-17','14:01:15','18:04:41',12989880),(33,'2016-08-17',NULL,'15:50:02',12993081),(34,'2016-08-17',NULL,'15:55:00',13071237),(35,'2016-08-17','14:01:16','17:03:51',59831596),(36,'2016-08-17','14:02:38','18:03:59',87070865),(37,'2016-08-17','13:00:50','17:02:38',98309820),(38,'2016-08-17','13:00:59','17:07:38',1085273962),(39,'2016-08-17','14:02:29','17:06:03',1085279394),(40,'2016-08-17','14:00:30','18:06:06',1085302857),(41,'2016-08-16','14:02:16','18:00:34',12969788),(42,'2016-08-16','14:01:30','18:04:27',12989880),(43,'2016-08-16',NULL,'15:50:34',12993081),(44,'2016-08-16',NULL,'16:00:09',13071237),(45,'2016-08-16','14:04:51','17:07:48',59831596),(46,'2016-08-16','14:00:59','18:10:52',87070865),(47,'2016-08-16','13:10:27','17:02:02',98309820),(48,'2016-08-16','13:00:10','17:16:00',1085273962),(49,'2016-08-16','14:01:17','16:35:20',1085279394),(50,'2016-08-16','14:01:20','18:07:03',1085302857),(51,'2016-08-12','14:02:38','18:00:29',12969788),(52,'2016-08-12','14:00:01','18:03:29',12989880),(53,'2016-08-12',NULL,'16:06:32',12993081),(54,'2016-08-12',NULL,'15:50:23',13071237),(55,'2016-08-12','14:02:17','17:24:28',59831596),(56,'2016-08-12','14:02:30','18:02:32',87070865),(57,'2016-08-12','13:10:39','17:03:17',98309820),(58,'2016-08-12','13:05:27','17:02:51',1085273962),(59,'2016-08-12','14:01:49','17:01:17',1085279394),(60,'2016-08-12','14:02:18','17:50:20',1085302857),(61,'2016-08-11','14:01:04','18:12:37',12969788),(62,'2016-08-11','14:00:02','18:08:26',12989880),(63,'2016-08-11',NULL,'15:50:27',12993081),(64,'2016-08-11',NULL,'16:01:46',13071237),(65,'2016-08-11','14:01:23','17:09:16',59831596),(66,'2016-08-11','14:02:47','18:02:19',87070865),(67,'2016-08-11','13:02:34','17:07:49',98309820),(68,'2016-08-11','13:01:38','17:00:59',1085273962),(69,'2016-08-11','14:02:40','17:08:58',1085279394),(70,'2016-08-11','14:03:04','18:10:24',1085302857),(71,'2016-08-10','14:10:56','18:08:48',12969788),(72,'2016-08-10','14:00:20','18:00:48',12989880),(73,'2016-08-10',NULL,'16:06:36',12993081),(74,'2016-08-10',NULL,'15:50:55',13071237),(75,'2016-08-10','14:02:48','17:00:22',59831596),(76,'2016-08-10','14:06:18','18:03:19',87070865),(77,'2016-08-10','13:10:38','17:32:23',98309820),(78,'2016-08-10','13:09:39','17:00:44',1085273962),(79,'2016-08-10','14:00:00','17:00:23',1085279394),(80,'2016-08-10','14:00:30','18:06:29',1085302857),(81,'2016-08-09','14:23:43','18:07:16',12969788),(82,'2016-08-09','14:02:43','18:01:11',12989880),(83,'2016-08-09',NULL,'15:55:32',12993081),(84,'2016-08-09',NULL,'15:50:52',13071237),(85,'2016-08-09','14:03:18','17:10:10',59831596),(86,'2016-08-09','14:01:12','18:23:07',87070865),(87,'2016-08-09','13:12:39','17:07:29',98309820),(88,'2016-08-09','13:01:34','17:04:28',1085273962),(89,'2016-08-09','14:02:16','17:08:27',1085279394),(90,'2016-08-09','14:12:34','18:10:20',1085302857),(91,'2016-08-08','14:00:24','18:01:18',12969788),(92,'2016-08-08','14:00:23','18:17:30',12989880),(93,'2016-08-08',NULL,'15:50:55',12993081),(94,'2016-08-08',NULL,'15:55:55',13071237),(95,'2016-08-08','14:01:29','17:02:41',59831596),(96,'2016-08-08','14:12:16','18:04:23',87070865),(97,'2016-08-08','13:01:56','17:06:10',98309820),(98,'2016-08-08','13:02:37','16:40:20',1085273962),(99,'2016-08-08','14:02:28','17:07:50',1085279394),(100,'2016-08-08','14:01:59','18:03:12',1085302857),(101,'2106-08-23','14:10:00','17:58:43',12969788),(102,'2106-08-23','14:30:20','18:02:03',12989880),(103,'2106-08-23',NULL,'15:50:43',12993081),(104,'2106-08-23',NULL,'15:30:02',13071237),(105,'2106-08-23','14:02:17','17:02:23',59831596),(106,'2106-08-23','14:10:23','18:01:45',87070865),(107,'2106-08-23','13:01:43','17:05:28',98309820),(108,'2106-08-23','13:02:45','17:02:57',1085273962),(109,'2106-08-23','14:15:34','17:04:44',1085279394),(110,'2106-08-23','14:12:56','18:00:13',1085302857),(111,'2016-08-24','14:34:18','18:15:32',12969788),(112,'2016-08-24','14:02:43','18:05:34',12989880),(113,'2016-08-24',NULL,'15:56:00',12993081),(114,'2016-08-24',NULL,'15:45:20',13071237),(115,'2016-08-24','14:03:12','17:07:16',59831596),(116,'2016-08-24','14:02:32','18:03:08',87070865),(117,'2016-08-24','13:01:34','17:00:00',98309820),(118,'2016-08-24','13:10:43','17:30:56',1085273962),(119,'2016-08-24','14:02:46','16:39:40',1085279394),(120,'2016-08-24','14:05:19','18:18:00',1085302857),(121,'2016-08-25','14:02:38','18:00:29',12969788),(122,'2016-08-25','14:00:01','18:03:29',12989880),(123,'2016-08-25',NULL,'16:06:32',12993081),(124,'2016-08-25',NULL,'15:50:23',13071237),(125,'2016-08-25','14:02:17','17:24:28',59831596),(126,'2016-08-25','14:02:30','18:02:32',87070865),(127,'2016-08-25','13:10:39','17:03:17',98309820),(128,'2016-08-25','13:05:27','17:02:51',1085273962),(129,'2016-08-25','14:01:49','17:01:17',1085279394),(130,'2016-08-25','14:02:18','17:50:20',1085302857),(131,'2016-08-26','14:34:18','18:00:29',12969788),(132,'2016-08-26','14:02:43','18:03:29',12989880),(133,'2016-08-26',NULL,'16:06:32',12993081),(134,'2016-08-26',NULL,'15:50:23',13071237),(135,'2016-08-26','14:03:12','17:24:28',59831596),(136,'2016-08-26','14:02:32','18:02:32',87070865),(137,'2016-08-26','13:01:34','17:03:17',98309820),(138,'2016-08-26','13:10:43','17:02:51',1085273962),(139,'2016-08-26','14:02:46','17:01:17',1085279394),(140,'2016-08-26','14:05:19','17:50:20',1085302857),(141,'2016-08-29','14:01:04','18:12:37',12969788),(142,'2016-08-29','14:00:02','18:08:26',12989880),(143,'2016-08-29',NULL,'15:50:27',12993081),(144,'2016-08-29',NULL,'16:01:46',13071237),(145,'2016-08-29','14:01:23','17:09:16',59831596),(146,'2016-08-29','14:02:47','18:02:19',87070865),(147,'2016-08-29','13:02:34','17:07:49',98309820),(148,'2016-08-29','13:01:38','17:00:59',1085273962),(149,'2016-08-29','14:02:40','17:08:58',1085279394),(150,'2016-08-29','14:03:04','18:10:24',1085302857),(151,'2016-08-30','14:10:56','17:58:43',12969788),(152,'2016-08-30','14:00:20','18:02:03',12989880),(153,'2016-08-30',NULL,'15:50:43',12993081),(154,'2016-08-30',NULL,'15:30:02',13071237),(155,'2016-08-30','14:02:48','17:02:23',59831596),(156,'2016-08-30','14:06:18','18:01:45',87070865),(157,'2016-08-30','13:10:38','17:05:28',98309820),(158,'2016-08-30','13:09:39','17:02:57',1085273962),(159,'2016-08-30','14:00:00','17:04:44',1085279394),(160,'2016-08-30','14:00:30','18:00:13',1085302857),(161,'2016-08-31','14:02:16','18:05:37',12969788),(162,'2016-08-31','14:01:30','18:04:41',12989880),(163,'2016-08-31',NULL,'15:50:02',12993081),(164,'2016-08-31',NULL,'15:55:00',13071237),(165,'2016-08-31','14:04:51','17:03:51',59831596),(166,'2016-08-31','14:00:59','18:03:59',87070865),(167,'2016-08-31','13:10:27','17:02:38',98309820),(168,'2016-08-31','13:00:10','17:07:38',1085273962),(169,'2016-08-31','14:01:17','17:06:03',1085279394),(170,'2016-08-31','14:01:20','18:06:06',1085302857),(171,'2016-09-01','14:02:38','18:00:34',12969788),(172,'2016-09-01','14:00:01','18:04:27',12989880),(173,'2016-09-01',NULL,'15:50:34',12993081),(174,'2016-09-01',NULL,'16:00:09',13071237),(175,'2016-09-01','14:02:17','17:07:48',59831596),(176,'2016-09-01','14:02:30','18:10:52',87070865),(177,'2016-09-01','13:10:39','17:02:02',98309820),(178,'2016-09-01','13:05:27','17:16:00',1085273962),(179,'2016-09-01','14:01:49','16:35:20',1085279394),(180,'2016-09-01','14:02:18','18:07:03',1085302857),(181,'2016-09-02','14:10:00','18:00:29',12969788),(182,'2016-09-02','14:30:20','18:03:29',12989880),(183,'2016-09-02',NULL,'16:06:32',12993081),(184,'2016-09-02',NULL,'15:50:23',13071237),(185,'2016-09-02','14:02:17','17:24:28',59831596),(186,'2016-09-02','14:10:23','18:02:32',87070865),(187,'2016-09-02','13:01:43','17:03:17',98309820),(188,'2016-09-02','13:02:45','17:02:51',1085273962),(189,'2016-09-02','14:15:34','17:01:17',1085279394),(190,'2016-09-02','14:12:56','17:50:20',1085302857),(191,'2016-09-05','14:34:18','18:07:16',12969788),(192,'2016-09-05','14:02:43','18:01:11',12989880),(193,'2016-09-05',NULL,'15:55:32',12993081),(194,'2016-09-05',NULL,'15:50:52',13071237),(195,'2016-09-05','14:03:12','17:10:10',59831596),(196,'2016-09-05','14:02:32','18:23:07',87070865),(197,'2016-09-05','13:01:34','17:07:29',98309820),(198,'2016-09-05','13:10:43','17:04:28',1085273962),(199,'2016-09-05','14:02:46','17:08:27',1085279394),(200,'2016-09-05','14:05:19','18:10:20',1085302857);
/*!40000 ALTER TABLE `tarde` ENABLE KEYS */;
UNLOCK TABLES;

--
-- Table structure for table `usuarios`
--

DROP TABLE IF EXISTS `usuarios`;
/*!40101 SET @saved_cs_client     = @@character_set_client */;
/*!40101 SET character_set_client = utf8 */;
CREATE TABLE `usuarios` (
  `idadmin` int(11) NOT NULL,
  `nombre_ad` varchar(200) NOT NULL,
  `apellidos_ad` varchar(200) NOT NULL,
  `dependencias_id_depen` int(11) NOT NULL,
  `members_id` int(11) NOT NULL,
  PRIMARY KEY (`idadmin`),
  KEY `fk_administradores_dependencias1_idx` (`dependencias_id_depen`),
  KEY `fk_administradores_members1_idx` (`members_id`),
  CONSTRAINT `fk_administradores_dependencias1` FOREIGN KEY (`dependencias_id_depen`) REFERENCES `dependencias` (`id_depen`) ON DELETE NO ACTION ON UPDATE NO ACTION,
  CONSTRAINT `fk_administradores_members1` FOREIGN KEY (`members_id`) REFERENCES `members` (`id`) ON DELETE NO ACTION ON UPDATE NO ACTION
) ENGINE=InnoDB DEFAULT CHARSET=utf8;
/*!40101 SET character_set_client = @saved_cs_client */;

--
-- Dumping data for table `usuarios`
--

LOCK TABLES `usuarios` WRITE;
/*!40000 ALTER TABLE `usuarios` DISABLE KEYS */;
INSERT INTO `usuarios` VALUES (1,'Test','User',1,1),(1085277182,'JuanCarlos','Guzman Escandon',2,1085277182),(1085316452,'JuanCarlos','Guzman Escandon',1,1085316452);
/*!40000 ALTER TABLE `usuarios` ENABLE KEYS */;
UNLOCK TABLES;
/*!40103 SET TIME_ZONE=@OLD_TIME_ZONE */;

/*!40101 SET SQL_MODE=@OLD_SQL_MODE */;
/*!40014 SET FOREIGN_KEY_CHECKS=@OLD_FOREIGN_KEY_CHECKS */;
/*!40014 SET UNIQUE_CHECKS=@OLD_UNIQUE_CHECKS */;
/*!40101 SET CHARACTER_SET_CLIENT=@OLD_CHARACTER_SET_CLIENT */;
/*!40101 SET CHARACTER_SET_RESULTS=@OLD_CHARACTER_SET_RESULTS */;
/*!40101 SET COLLATION_CONNECTION=@OLD_COLLATION_CONNECTION */;
/*!40111 SET SQL_NOTES=@OLD_SQL_NOTES */;

-- Dump completed on 2016-10-07  3:00:16
